[{
		"id": 3,
		"start_date": "2009-06-10 00:00:00",
		"end_date": "2009-06-13 00:00:00",
		"text": "Aegon Championship",
		"details": "Details for Aegon Championship"
	}, {
		"id": 4,
		"start_date": "2009-06-21 00:00:00",
		"end_date": "2009-07-05 00:00:00",
		"text": "Wimbledon",
		"details": "Details for Wimbledon"
	}, {
		"id": 5,
		"start_date": "2009-07-18 00:00:00",
		"end_date": "2009-07-27 00:00:00",
		"text": "Indianapolis Tennis Championships",
		"details": "Details for Indianapolis Tennis Championships"
	}, {
		"id": 8,
		"start_date": "2009-07-27 00:00:00",
		"end_date": "2009-08-02 00:00:00",
		"text": "Countrywide Classic Tennis",
		"details": "Details for Countrywide Classic Tennis"
	}, {
		"id": 9,
		"start_date": "2009-08-01 00:00:00",
		"end_date": "2009-08-11 00:00:00",
		"text": "Legg Mason Tennis Classic",
		"details": "Details for Legg Mason Tennis Classic"
	}, {
		"id": 12,
		"start_date": "2009-08-29 00:00:00",
		"end_date": "2009-09-14 00:00:00",
		"text": "US Open Tennis Championship",
		"details": "Details for US Open Tennis Championship"
	}, {
		"id": 13,
		"start_date": "2009-11-22 00:00:00",
		"end_date": "2009-11-28 00:00:00",
		"text": "Barclays ATP World Tour Finals",
		"details": "Details for Barclays ATP World Tour Finals"
	}, {
		"id": 14,
		"start_date": "2009-08-17 00:00:00",
		"end_date": "2009-08-24 00:00:00",
		"text": "Western & Southern Financial Group Masters Tennis",
		"details": "Details for Western & Southern Financial Group Masters Tennis"
	}, {
		"id": 16,
		"start_date": "2009-05-21 14:00:00",
		"end_date": "2009-05-21 17:00:00",
		"text": " Arena Zagreb ",
		"details": "Details for  Arena Zagreb "
	}, {
		"id": 17,
		"start_date": "2009-05-23 11:00:00",
		"end_date": "2009-05-23 14:00:00",
		"text": " Gwardia Stadium ",
		"details": "Details for  Gwardia Stadium "
	}, {
		"id": 18,
		"start_date": "2009-05-25 19:00:00",
		"end_date": "2009-05-25 22:00:00",
		"text": " Skonto Stadium - Riga is ok",
		"details": "Details for  Skonto Stadium - Riga "
	}, {
		"id": 19,
		"start_date": "2009-05-27 15:00:00",
		"end_date": "2009-05-27 18:00:00",
		"text": " Zalgirio Stadionas",
		"details": "Details for  Zalgirio Stadionas "
	}, {
		"id": 20,
		"start_date": "2009-05-30 17:00:00",
		"end_date": "2009-05-30 20:00:00",
		"text": " O2 Dome hasduysaud1",
		"details": "Details for  O2 Dome "
	}, {
		"id": 21,
		"start_date": "2009-05-31 16:00:00",
		"end_date": "2009-05-31 19:00:00",
		"text": " Evenemententerrein Megaland dsfisdifuisduf",
		"details": "Details for  Evenemententerrein Megaland "
	}, {
		"id": 22,
		"start_date": "2009-06-02 10:00:00",
		"end_date": "2009-06-02 13:00:00",
		"text": " HSH Nordbank Arena (formerly AOL Arena) ",
		"details": "Details for  HSH Nordbank Arena (formerly AOL Arena) "
	}, {
		"id": 23,
		"start_date": "2009-06-04 11:00:00",
		"end_date": "2009-06-04 14:00:00",
		"text": " LTU Arena",
		"details": "Details for  LTU Arena "
	}, {
		"id": 24,
		"start_date": "2009-06-05 12:00:00",
		"end_date": "2009-06-05 15:00:00",
		"text": " LTU Arena ",
		"details": "Details for  LTU Arena "
	}, {
		"id": 25,
		"start_date": "2009-06-07 20:00:00",
		"end_date": "2009-06-07 23:00:00",
		"text": " Zentralstadion - Leipzig",
		"details": "Details for  Zentralstadion - Leipzig "
	}, {
		"id": 26,
		"start_date": "2009-06-08 17:00:00",
		"end_date": "2009-06-08 20:00:00",
		"text": " Zentralstadion - Leipzig ",
		"details": "Details for  Zentralstadion - Leipzig "
	}, {
		"id": 27,
		"start_date": "2009-06-10 14:00:00",
		"end_date": "2009-06-10 17:00:00",
		"text": " Olympiastadion - Berlin ",
		"details": "Details for  Olympiastadion - Berlin "
	}, {
		"id": 28,
		"start_date": "2009-06-12 14:00:00",
		"end_date": "2009-06-12 17:00:00",
		"text": " Commerz Bank Arena ",
		"details": "Details for  Commerz Bank Arena "
	}, {
		"id": 29,
		"start_date": "2009-06-13 11:00:00",
		"end_date": "2009-06-13 14:00:00",
		"text": " Olympic Stadium - Munich ",
		"details": "Details for  Olympic Stadium - Munich "
	}, {
		"id": 30,
		"start_date": "2009-06-16 19:00:00",
		"end_date": "2009-06-16 22:00:00",
		"text": " Stadio Olimpico ",
		"details": "Details for  Stadio Olimpico "
	}, {
		"id": 31,
		"start_date": "2009-06-18 20:00:00",
		"end_date": "2009-06-18 23:00:00",
		"text": " Comunale Giuseppe Meazza - San Siro ",
		"details": "Details for  Comunale Giuseppe Meazza - San Siro "
	}, {
		"id": 32,
		"start_date": "2009-06-22 19:00:00",
		"end_date": "2009-06-22 22:00:00",
		"text": " Inter Stadion Slovakia ",
		"details": "Details for  Inter Stadion Slovakia "
	}, {
		"id": 33,
		"start_date": "2009-06-23 14:00:00",
		"end_date": "2009-06-23 17:00:00",
		"text": " Puskas Ferenc Stadium ",
		"details": "Details for  Puskas Ferenc Stadium "
	}, {
		"id": 34,
		"start_date": "2009-06-25 10:00:00",
		"end_date": "2009-06-25 13:00:00",
		"text": " Slavia Stadion ",
		"details": "Details for  Slavia Stadion "
	}, {
		"id": 35,
		"start_date": "2009-06-27 19:00:00",
		"end_date": "2009-06-27 22:00:00",
		"text": " Stade de France - Paris ",
		"details": "Details for  Stade de France - Paris "
	}, {
		"id": 36,
		"start_date": "2009-06-30 18:00:00",
		"end_date": "2009-06-30 21:00:00",
		"text": " Parken Stadium ",
		"details": "Details for  Parken Stadium "
	}, {
		"id": 37,
		"start_date": "2009-07-02 18:00:00",
		"end_date": "2009-07-02 21:00:00",
		"text": " Koengen dsfghsdghf",
		"details": "Details for  Koengen "
	}, {
		"id": 38,
		"start_date": "2009-07-03 11:00:00",
		"end_date": "2009-07-03 14:00:00",
		"text": " Folkets Park ",
		"details": "Details for  Folkets Park "
	}, {
		"id": 39,
		"start_date": "2009-07-08 18:00:00",
		"end_date": "2009-07-08 21:00:00",
		"text": " Estadio Jose Zorila ",
		"details": "Details for  Estadio Jose Zorila "
	}, {
		"id": 40,
		"start_date": "2009-07-11 10:00:00",
		"end_date": "2009-07-11 13:00:00",
		"text": " Bessa Stadium ",
		"details": "Details for  Bessa Stadium "
	}, {
		"id": 41,
		"start_date": "2009-07-12 14:00:00",
		"end_date": "2009-07-12 17:00:00",
		"text": " Estadio Olimpico - Seville ",
		"details": "Details for  Estadio Olimpico - Seville "
	}, {
		"id": 42,
		"start_date": "2009-07-24 16:00:00",
		"end_date": "2009-07-24 19:00:00",
		"text": " Molson Amphitheatre ",
		"details": "Details for  Molson Amphitheatre "
	}, {
		"id": 43,
		"start_date": "2009-07-25 18:00:00",
		"end_date": "2009-07-25 21:00:00",
		"text": " Bell Centre ",
		"details": "Details for  Bell Centre "
	}, {
		"id": 44,
		"start_date": "2009-07-28 17:00:00",
		"end_date": "2009-07-28 20:00:00",
		"text": " Nissan Pavilion ",
		"details": "Details for  Nissan Pavilion "
	}, {
		"id": 45,
		"start_date": "2009-07-31 12:00:00",
		"end_date": "2009-07-31 15:00:00",
		"text": " Comcast Center - MA (formerly Tweeter Center) ",
		"details": "Details for  Comcast Center - MA (formerly Tweeter Center) "
	}, {
		"id": 46,
		"start_date": "2009-08-01 15:00:00",
		"end_date": "2009-08-01 18:00:00",
		"text": " Borgata Hotel Casino & Spa ",
		"details": "Details for  Borgata Hotel Casino & Spa "
	}, {
		"id": 47,
		"start_date": "2009-08-03 14:00:00",
		"end_date": "2009-08-03 17:00:00",
		"text": " Madison Square Garden ",
		"details": "Details for  Madison Square Garden "
	}, {
		"id": 48,
		"start_date": "2009-08-04 15:00:00",
		"end_date": "2009-08-04 18:00:00",
		"text": " Madison Square Garden ",
		"details": "Details for  Madison Square Garden "
	}, {
		"id": 49,
		"start_date": "2009-08-10 16:00:00",
		"end_date": "2009-08-10 19:00:00",
		"text": " Key Arena ",
		"details": "Details for  Key Arena "
	}, {
		"id": 50,
		"start_date": "2009-08-12 11:00:00",
		"end_date": "2009-08-12 14:00:00",
		"text": " Shoreline Amphitheatre ",
		"details": "Details for  Shoreline Amphitheatre "
	}, {
		"id": 51,
		"start_date": "2009-08-14 19:00:00",
		"end_date": "2009-08-14 22:00:00",
		"text": " Cricket Wireless Amphitheatre ",
		"details": "Details for  Cricket Wireless Amphitheatre "
	}, {
		"id": 52,
		"start_date": "2009-08-16 17:00:00",
		"end_date": "2009-08-16 20:00:00",
		"text": " Hollywood Bowl ",
		"details": "Details for  Hollywood Bowl "
	}, {
		"id": 53,
		"start_date": "2009-08-17 13:00:00",
		"end_date": "2009-08-17 16:00:00",
		"text": " Hollywood Bowl ",
		"details": "Details for  Hollywood Bowl "
	}, {
		"id": 54,
		"start_date": "2009-08-19 17:00:00",
		"end_date": "2009-08-19 20:00:00",
		"text": " Honda Center ",
		"details": "Details for  Honda Center "
	}, {
		"id": 55,
		"start_date": "2009-08-20 16:00:00",
		"end_date": "2009-08-20 19:00:00",
		"text": " Santa Barbara Bowl ",
		"details": "Details for  Santa Barbara Bowl "
	}, {
		"id": 56,
		"start_date": "2009-08-22 10:00:00",
		"end_date": "2009-08-22 13:00:00",
		"text": " Palms Casino-the Pearl ",
		"details": "Details for  Palms Casino-the Pearl "
	}, {
		"id": 57,
		"start_date": "2009-08-23 18:00:00",
		"end_date": "2009-08-23 21:00:00",
		"text": " US Airways Center ",
		"details": "Details for  US Airways Center "
	}, {
		"id": 58,
		"start_date": "2009-08-25 15:00:00",
		"end_date": "2009-08-25 18:00:00",
		"text": " E Center ",
		"details": "Details for  E Center "
	}, {
		"id": 59,
		"start_date": "2009-08-27 18:00:00",
		"end_date": "2009-08-27 21:00:00",
		"text": " Red Rocks Amphitheatre ",
		"details": "Details for  Red Rocks Amphitheatre "
	}, {
		"id": 60,
		"start_date": "2009-08-29 17:00:00",
		"end_date": "2009-08-29 20:00:00",
		"text": " Superpages.com Center ",
		"details": "Details for  Superpages.com Center "
	}, {
		"id": 61,
		"start_date": "2009-08-30 18:00:00",
		"end_date": "2009-08-30 21:00:00",
		"text": " Cynthia Woods Mitchell Pavilion ",
		"details": "Details for  Cynthia Woods Mitchell Pavilion "
	}, {
		"id": 62,
		"start_date": "2009-09-01 15:00:00",
		"end_date": "2009-09-01 18:00:00",
		"text": " Lakewood Amphitheatre ",
		"details": "Details for  Lakewood Amphitheatre "
	}, {
		"id": 63,
		"start_date": "2009-09-04 10:00:00",
		"end_date": "2009-09-04 13:00:00",
		"text": " Ford Amphitheatre at the Florida State Fairgrounds ",
		"details": "Details for  Ford Amphitheatre at the Florida State Fairgrounds "
	}, {
		"id": 64,
		"start_date": "2009-09-05 13:00:00",
		"end_date": "2009-09-05 16:00:00",
		"text": " BankAtlantic Center ",
		"details": "Details for  BankAtlantic Center "
	}, {
		"id": 65,
		"start_date": "2009-10-31 17:00:00",
		"end_date": "2009-10-31 20:00:00",
		"text": " Konig Pilsener Arena ",
		"details": "Details for  Konig Pilsener Arena "
	}, {
		"id": 66,
		"start_date": "2009-11-01 13:00:00",
		"end_date": "2009-11-01 16:00:00",
		"text": " Awd Dome ",
		"details": "Details for  Awd Dome "
	}, {
		"id": 67,
		"start_date": "2009-11-03 14:00:00",
		"end_date": "2009-11-03 17:00:00",
		"text": " TUI Arena (formerly Preussag Arena) ",
		"details": "Details for  TUI Arena (formerly Preussag Arena) "
	}, {
		"id": 68,
		"start_date": "2009-11-07 13:00:00",
		"end_date": "2009-11-07 16:00:00",
		"text": " SAP Arena ",
		"details": "Details for  SAP Arena "
	}, {
		"id": 69,
		"start_date": "2009-11-08 12:00:00",
		"end_date": "2009-11-08 15:00:00",
		"text": " Schleyerhalle ",
		"details": "Details for  Schleyerhalle "
	}, {
		"id": 70,
		"start_date": "2009-11-10 17:00:00",
		"end_date": "2009-11-10 20:00:00",
		"text": " Stade De Geneve ",
		"details": "Details for  Stade De Geneve "
	}, {
		"id": 71,
		"start_date": "2009-11-12 15:00:00",
		"end_date": "2009-11-12 18:00:00",
		"text": " Recinto Ferial - Valencia ",
		"details": "Details for  Recinto Ferial - Valencia "
	}, {
		"id": 72,
		"start_date": "2009-11-20 12:00:00",
		"end_date": "2009-11-20 15:00:00",
		"text": " Palau Sant Jordi ",
		"details": "Details for  Palau Sant Jordi "
	}, {
		"id": 73,
		"start_date": "2009-11-23 20:00:00",
		"end_date": "2009-11-23 23:00:00",
		"text": " Halle Tony Garnier ",
		"details": "Details for  Halle Tony Garnier "
	}, {
		"id": 74,
		"start_date": "2009-12-01 13:00:00",
		"end_date": "2009-12-01 16:00:00",
		"text": " Arena Nurnberg ",
		"details": "Details for  Arena Nurnberg "
	}, {
		"id": 75,
		"start_date": "2009-12-03 14:00:00",
		"end_date": "2009-12-03 17:00:00",
		"text": " Stadthalle ",
		"details": "Details for  Stadthalle "
	}, {
		"id": 76,
		"start_date": "2009-12-04 13:00:00",
		"end_date": "2009-12-04 16:00:00",
		"text": " Stadthalle Graz ",
		"details": "Details for  Stadthalle Graz "
	}, {
		"id": 77,
		"start_date": "2009-12-06 16:00:00",
		"end_date": "2009-12-06 19:00:00",
		"text": " Hallenstadion ",
		"details": "Details for  Hallenstadion "
	}, {
		"id": 78,
		"start_date": "2009-12-07 10:00:00",
		"end_date": "2009-12-07 13:00:00",
		"text": " Hallenstadion ",
		"details": "Details for  Hallenstadion "
	}, {
		"id": 79,
		"start_date": "2009-12-10 17:00:00",
		"end_date": "2009-12-10 20:00:00",
		"text": " The O2 - Dublin ",
		"details": "Details for  The O2 - Dublin "
	}, {
		"id": 80,
		"start_date": "2009-12-12 14:00:00",
		"end_date": "2009-12-12 17:00:00",
		"text": " Scottish Exhibition & Conference Center ",
		"details": "Details for  Scottish Exhibition & Conference Center "
	}, {
		"id": 81,
		"start_date": "2009-12-13 15:00:00",
		"end_date": "2009-12-13 18:00:00",
		"text": " LG Arena ",
		"details": "Details for  LG Arena "
	}, {
		"id": 82,
		"start_date": "2009-12-15 13:00:00",
		"end_date": "2009-12-15 16:00:00",
		"text": " O2 Dome ",
		"details": "Details for  O2 Dome "
	}, {
		"id": 83,
		"start_date": "2009-12-16 15:00:00",
		"end_date": "2009-12-16 18:00:00",
		"text": " O2 Dome ",
		"details": "Details for  O2 Dome "
	}, {
		"id": 84,
		"start_date": "2009-12-18 16:00:00",
		"end_date": "2009-12-18 19:00:00",
		"text": " MEN Arena Manchester ",
		"details": "Details for  MEN Arena Manchester "
	}, {
		"id": 1261150491,
		"start_date": "2009-12-19 07:00:00",
		"end_date": "2009-12-21 07:00:00",
		"text": "International Horse Show",
		"details": "Olympia"
	}, {
		"id": 1261150492,
		"start_date": "2009-12-19 18:00:00",
		"end_date": "2009-12-19 20:00:00",
		"text": "Ladbrokes.com World Darts Championships (Evening session)",
		"details": "Alexandra Palace"
	}, {
		"id": 1261150493,
		"start_date": "2009-12-20 08:00:00",
		"end_date": "2009-12-20 10:00:00",
		"text": "Peter Pan",
		"details": "O2 Arena"
	}, {
		"id": 1261150494,
		"start_date": "2009-12-21 08:00:00",
		"end_date": "2009-12-21 10:00:00",
		"text": "Pet Shop Boys",
		"details": "O2 Arena"
	}, {
		"id": 1261150495,
		"start_date": "2009-12-22 06:00:00",
		"end_date": "2009-12-22 08:00:00",
		"text": "Wicked",
		"details": "Apollo Victoria Theatre"
	}, {
		"id": 1261150496,
		"start_date": "2009-12-23 15:00:00",
		"end_date": "2009-12-25 15:00:00",
		"text": "Ladbrokes.com World Darts Championships (Afternoon session)",
		"details": "Alexandra Palace"
	}, {
		"id": 1261150497,
		"start_date": "2009-12-23 15:00:00",
		"end_date": "2009-12-23 17:00:00",
		"text": "Calendar Girls",
		"details": "Noel Coward Theatre"
	}, {
		"id": 1261150498,
		"start_date": "2009-12-24 14:00:00",
		"end_date": "2009-12-24 16:00:00",
		"text": "Sister Act",
		"details": "Palladium"
	}, {
		"id": 1261150499,
		"start_date": "2009-12-26 18:00:00",
		"end_date": "2009-12-26 20:00:00",
		"text": "Dirty Dancing",
		"details": "Aldwych Theatre"
	}, {
		"id": 1261150500,
		"start_date": "2009-12-27 09:00:00",
		"end_date": "2009-12-27 11:00:00",
		"text": "Harlequins -  Wasps     Competition: Guinness Premiership",
		"details": "Twickenham Stadium"
	}, {
		"id": 1261150501,
		"start_date": "2009-12-28 07:00:00",
		"end_date": "2009-12-30 07:00:00",
		"text": "Peter Pan",
		"details": "O2 Arena"
	}, {
		"id": 1261150502,
		"start_date": "2009-12-29 08:00:00",
		"end_date": "2009-12-29 10:00:00",
		"text": "The Nutcracker",
		"details": "Coliseum"
	}, {
		"id": 1261150503,
		"start_date": "2009-12-29 13:00:00",
		"end_date": "2009-12-29 15:00:00",
		"text": "The Nutcracker",
		"details": "Coliseum"
	}, {
		"id": 1261150504,
		"start_date": "2009-12-30 15:00:00",
		"end_date": "2009-12-30 17:00:00",
		"text": "Peter Pan",
		"details": "O2 Arena"
	}, {
		"id": 1261150505,
		"start_date": "2009-12-31 17:00:00",
		"end_date": "2009-12-31 19:00:00",
		"text": "Legally Blonde The Musical",
		"details": "Savoy Theatre"
	}, {
		"id": 1261150506,
		"start_date": "2010-01-01 18:00:00",
		"end_date": "2010-01-03 18:00:00",
		"text": "Sister Act",
		"details": "Palladium"
	}, {
		"id": 1261150507,
		"start_date": "2010-01-02 07:00:00",
		"end_date": "2010-01-02 09:00:00",
		"text": "Cat On a Hot Tin Roof",
		"details": "Novello Theatre"
	}, {
		"id": 1261150508,
		"start_date": "2010-01-02 07:00:00",
		"end_date": "2010-01-02 09:00:00",
		"text": "Grease",
		"details": "Piccadilly Theatre"
	}, {
		"id": 1261150509,
		"start_date": "2010-01-03 17:00:00",
		"end_date": "2010-01-03 19:00:00",
		"text": "Ladbrokes.com World Darts Championships",
		"details": "Alexandra Palace"
	}, {
		"id": 1261150510,
		"start_date": "2010-01-05 13:40:00",
		"end_date": "2010-01-05 15:40:00",
		"text": "Calendar Girls",
		"details": "Noel Coward Theatre"
	}, {
		"id": 1261150511,
		"start_date": "2010-01-06 08:00:00",
		"end_date": "2010-01-08 08:00:00",
		"text": "Dirty Dancing",
		"details": "Aldwych Theatre"
	}, {
		"id": 1261150512,
		"start_date": "2010-01-07 13:30:00",
		"end_date": "2010-01-07 15:30:00",
		"text": "Cirque du Soleil Varekai",
		"details": "Royal Albert Hall"
	}, {
		"id": 1261150513,
		"start_date": "2010-01-08 14:20:00",
		"end_date": "2010-01-08 16:20:00",
		"text": "Grease",
		"details": "Piccadilly Theatre"
	}, {
		"id": 1261150514,
		"start_date": "2010-01-09 09:00:00",
		"end_date": "2010-01-09 11:00:00",
		"text": "The Lion King",
		"details": "Lyceum Theatre"
	}, {
		"id": 1261150515,
		"start_date": "2010-01-09 07:00:00",
		"end_date": "2010-01-09 09:00:00",
		"text": "Un-Secure",
		"details": "Royal Albert Hall"
	}, {
		"id": 1261150516,
		"start_date": "2010-01-10 10:00:00",
		"end_date": "2010-01-12 10:00:00",
		"text": "Cirque du Soleil Varekai",
		"details": "Royal Albert Hall"
	}, {
		"id": 1261150517,
		"start_date": "2010-01-12 09:00:00",
		"end_date": "2010-01-12 11:00:00",
		"text": "Masters Snooker 2010      Afternoon session",
		"details": "Wembley Arena"
	}, {
		"id": 1261150518,
		"start_date": "2010-01-13 10:00:00",
		"end_date": "2010-01-13 12:00:00",
		"text": "The Lion King",
		"details": "Lyceum Theatre"
	}, {
		"id": 1261150519,
		"start_date": "2010-01-13 13:00:00",
		"end_date": "2010-01-13 15:00:00",
		"text": "Cirque du Soleil Varekai",
		"details": "Royal Albert Hall"
	}, {
		"id": 1261150520,
		"start_date": "2010-01-14 11:00:00",
		"end_date": "2010-01-14 13:00:00",
		"text": "Cat On a Hot Tin Roof",
		"details": "Novello Theatre"
	}, {
		"id": 1261150521,
		"start_date": "2010-01-15 07:00:00",
		"end_date": "2010-01-17 07:00:00",
		"text": "Cirque du Soleil Varekai",
		"details": "Royal Albert Hall"
	}, {
		"id": 1261150522,
		"start_date": "2010-01-16 07:00:00",
		"end_date": "2010-01-16 09:00:00",
		"text": "Ben Hur Live",
		"details": "O2 Arena    Not Available X"
	}, {
		"id": 1261150523,
		"start_date": "2010-01-16 16:00:00",
		"end_date": "2010-01-16 18:00:00",
		"text": "Billy Connolly",
		"details": "Hammersmith Apollo"
	}, {
		"id": 1261150524,
		"start_date": "2010-01-18 14:00:00",
		"end_date": "2010-01-18 16:00:00",
		"text": "Wicked",
		"details": "Apollo Victoria Theatre"
	}, {
		"id": 1261150525,
		"start_date": "2010-01-20 06:00:00",
		"end_date": "2010-01-20 08:00:00",
		"text": "Wicked",
		"details": "Apollo Victoria Theatre"
	}, {
		"id": 1261150526,
		"start_date": "2010-01-20 07:00:00",
		"end_date": "2010-01-22 07:00:00",
		"text": "Giselle",
		"details": "Coliseum"
	}, {
		"id": 1261150527,
		"start_date": "2010-01-21 12:00:00",
		"end_date": "2010-01-21 14:00:00",
		"text": "Giselle",
		"details": "Coliseum"
	}, {
		"id": 1261150528,
		"start_date": "2010-01-22 13:00:00",
		"end_date": "2010-01-22 15:00:00",
		"text": "Giselle",
		"details": "Coliseum"
	}, {
		"id": 1261150529,
		"start_date": "2010-01-23 15:00:00",
		"end_date": "2010-01-23 17:00:00",
		"text": "Billy Connolly",
		"details": "Hammersmith Apollo"
	}, {
		"id": 1261150530,
		"start_date": "2010-01-24 11:00:00",
		"end_date": "2010-01-24 13:00:00",
		"text": "Jersey Boys",
		"details": "Prince Edward Theatre"
	}, {
		"id": 1261150531,
		"start_date": "2010-01-26 18:00:00",
		"end_date": "2010-01-28 18:00:00",
		"text": "Dirty Dancing",
		"details": "Aldwych Theatre"
	}, {
		"id": 1261150532,
		"start_date": "2010-01-27 16:00:00",
		"end_date": "2010-01-27 18:00:00",
		"text": "Billy Elliot",
		"details": "Victoria Palace Theatre"
	}, {
		"id": 1261150533,
		"start_date": "2010-01-28 18:00:00",
		"end_date": "2010-01-28 20:00:00",
		"text": "Reel Big Fish",
		"details": "Koko"
	}, {
		"id": 1261150534,
		"start_date": "2010-01-29 14:00:00",
		"end_date": "2010-01-29 16:00:00",
		"text": "Jersey Boys",
		"details": "Prince Edward Theatre"
	}, {
		"id": 1261150535,
		"start_date": "2010-01-30 15:00:00",
		"end_date": "2010-01-30 17:00:00",
		"text": "West Ham  - Blackburn Rovers     Competition: Premier League",
		"details": "Craven Cottage"
	}, {
		"id": 1261150536,
		"start_date": "2010-01-30 17:00:00",
		"end_date": "2010-02-01 17:00:00",
		"text": "The Lion King",
		"details": "Lyceum Theatre"
	}, {
		"id": 1261150537,
		"start_date": "2010-02-01 09:00:00",
		"end_date": "2010-02-01 11:00:00",
		"text": "Legally Blonde The Musical",
		"details": "Savoy Theatre"
	}, {
		"id": 1261150538,
		"start_date": "2010-02-02 17:00:00",
		"end_date": "2010-02-02 19:00:00",
		"text": "Daniel Barenboim      + Berlin Staatskapelle",
		"details": "Royal Festival Hall"
	}, {
		"id": 1261150539,
		"start_date": "2010-02-03 09:00:00",
		"end_date": "2010-02-03 11:00:00",
		"text": "Cat On a Hot Tin Roof",
		"details": "Novello Theatre"
	}, {
		"id": 1261150540,
		"start_date": "2010-02-04 13:00:00",
		"end_date": "2010-02-04 15:00:00",
		"text": "Wicked",
		"details": "Apollo Victoria Theatre"
	}, {
		"id": 1261150541,
		"start_date": "2010-02-05 15:00:00",
		"end_date": "2010-02-07 15:00:00",
		"text": "Wicked",
		"details": "Apollo Victoria Theatre"
	}, {
		"id": 1261150542,
		"start_date": "2010-02-06 15:00:00",
		"end_date": "2010-02-06 17:00:00",
		"text": "Jersey Boys",
		"details": "Prince Edward Theatre"
	}, {
		"id": 1261150543,
		"start_date": "2010-02-06 06:00:00",
		"end_date": "2010-02-06 08:00:00",
		"text": "Cirque du Soleil Varekai",
		"details": "Royal Albert Hall"
	}, {
		"id": 1261150544,
		"start_date": "2010-02-08 08:00:00",
		"end_date": "2010-02-08 10:00:00",
		"text": "Wicked",
		"details": "Apollo Victoria Theatre"
	}, {
		"id": 1261150545,
		"start_date": "2010-02-10 14:00:00",
		"end_date": "2010-02-10 16:00:00",
		"text": "Wicked",
		"details": "Apollo Victoria Theatre"
	}, {
		"id": 1261150546,
		"start_date": "2010-02-10 09:00:00",
		"end_date": "2010-02-12 09:00:00",
		"text": "Cirque du Soleil Varekai",
		"details": "Royal Albert Hall"
	}, {
		"id": 1261150547,
		"start_date": "2010-02-11 12:00:00",
		"end_date": "2010-02-11 14:00:00",
		"text": "Cirque du Soleil Varekai",
		"details": "Royal Albert Hall"
	}, {
		"id": 1261150548,
		"start_date": "2010-02-12 14:00:00",
		"end_date": "2010-02-12 16:00:00",
		"text": "Cirque du Soleil Varekai",
		"details": "Royal Albert Hall"
	}, {
		"id": 1261150549,
		"start_date": "2010-02-13 06:00:00",
		"end_date": "2010-02-13 08:00:00",
		"text": "Billy Elliot",
		"details": "Victoria Palace Theatre"
	}, {
		"id": 1261150550,
		"start_date": "2010-02-14 07:00:00",
		"end_date": "2010-02-14 09:00:00",
		"text": "Ne-Yo",
		"details": "Wembley Arena"
	}, {
		"id": 1261150551,
		"start_date": "2010-02-16 08:00:00",
		"end_date": "2010-02-18 08:00:00",
		"text": "Dirty Dancing",
		"details": "Aldwych Theatre"
	}, {
		"id": 1261150552,
		"start_date": "2010-02-17 08:00:00",
		"end_date": "2010-02-17 10:00:00",
		"text": "Billy Elliot",
		"details": "Victoria Palace Theatre"
	}, {
		"id": 1261150553,
		"start_date": "2010-02-18 12:00:00",
		"end_date": "2010-02-18 14:00:00",
		"text": "Dirty Dancing",
		"details": "Aldwych Theatre"
	}, {
		"id": 1261150554,
		"start_date": "2010-02-19 09:00:00",
		"end_date": "2010-02-19 11:00:00",
		"text": "Dirty Dancing",
		"details": "Aldwych Theatre"
	}, {
		"id": 1261150555,
		"start_date": "2010-02-20 11:00:00",
		"end_date": "2010-02-20 13:00:00",
		"text": "Fulham - Birmingham City     Competition: Premier League",
		"details": "Craven Cottage"
	}, {
		"id": 1261150556,
		"start_date": "2010-02-20 16:00:00",
		"end_date": "2010-02-22 16:00:00",
		"text": "Legally Blonde The Musical",
		"details": "Savoy Theatre"
	}, {
		"id": 1261150557,
		"start_date": "2010-02-22 16:00:00",
		"end_date": "2010-02-22 18:00:00",
		"text": "Wicked",
		"details": "Apollo Victoria Theatre"
	}, {
		"id": 1261150558,
		"start_date": "2010-02-24 11:00:00",
		"end_date": "2010-02-24 13:00:00",
		"text": "Sister Act",
		"details": "Palladium"
	}, {
		"id": 1261150559,
		"start_date": "2010-02-25 16:00:00",
		"end_date": "2010-02-25 18:00:00",
		"text": "Legally Blonde The Musical",
		"details": "Savoy Theatre"
	}, {
		"id": 1261150560,
		"start_date": "2010-02-26 15:00:00",
		"end_date": "2010-02-26 17:00:00",
		"text": "Grease",
		"details": "Piccadilly Theatre"
	}, {
		"id": 1261150561,
		"start_date": "2010-02-27 13:00:00",
		"end_date": "2010-03-01 13:00:00",
		"text": "The Lion King",
		"details": "Lyceum Theatre"
	}, {
		"id": 1261150562,
		"start_date": "2010-02-27 14:00:00",
		"end_date": "2010-02-27 16:00:00",
		"text": "Cinderella On Ice",
		"details": "Royal Albert Hall"
	}, {
		"id": 1261150563,
		"start_date": "2010-02-28 15:00:00",
		"end_date": "2010-02-28 17:00:00",
		"text": "Legally Blonde The Musical",
		"details": "Savoy Theatre"
	}, {
		"id": 1261150564,
		"start_date": "2010-03-06 16:00:00",
		"end_date": "2010-03-06 18:00:00",
		"text": "Fulham - Stoke City     Competition: Premier League",
		"details": "Craven Cottage"
	}, {
		"id": 1261150565,
		"start_date": "2010-03-09 14:00:00",
		"end_date": "2010-03-09 16:00:00",
		"text": "The 69 Eyes",
		"details": "Carling Academy Islington"
	}, {
		"id": 1261150566,
		"start_date": "2010-03-13 13:00:00",
		"end_date": "2010-03-15 13:00:00",
		"text": "Sara Baras",
		"details": "Royal Albert Hall"
	}, {
		"id": 1261150567,
		"start_date": "2010-03-18 16:00:00",
		"end_date": "2010-03-18 18:00:00",
		"text": "Trivium",
		"details": "Koko"
	}, {
		"id": 1261150568,
		"start_date": "2010-03-22 11:00:00",
		"end_date": "2010-03-22 13:00:00",
		"text": "Love Never Dies",
		"details": "Adelphi Theatre"
	}, {
		"id": 1261150569,
		"start_date": "2010-03-27 14:00:00",
		"end_date": "2010-03-27 16:00:00",
		"text": "West Ham  - Stoke City     Competition: Premier League",
		"details": "Boleyn Ground"
	}, {
		"id": 1261150570,
		"start_date": "2010-03-31 08:00:00",
		"end_date": "2010-03-31 10:00:00",
		"text": "Swan Lake      Ballet Nacional de Cuba",
		"details": "Coliseum"
	}, {
		"id": 1261150571,
		"start_date": "2010-04-03 09:00:00",
		"end_date": "2010-04-05 09:00:00",
		"text": "Peter Andre",
		"details": "Hammersmith Apollo"
	}, {
		"id": 1261150572,
		"start_date": "2010-04-08 10:00:00",
		"end_date": "2010-04-08 12:00:00",
		"text": "Paolo Nutini",
		"details": "Royal Albert Hall"
	}, {
		"id": 1261150573,
		"start_date": "2010-04-12 10:00:00",
		"end_date": "2010-04-12 12:00:00",
		"text": "Love Never Dies",
		"details": "Adelphi Theatre"
	}, {
		"id": 1261150574,
		"start_date": "2010-04-17 08:00:00",
		"end_date": "2010-04-17 10:00:00",
		"text": "Dancing On Ice",
		"details": "O2 Arena"
	}, {
		"id": 1261150575,
		"start_date": "2010-04-20 16:00:00",
		"end_date": "2010-04-20 18:00:00",
		"text": "Love Never Dies",
		"details": "Adelphi Theatre"
	}, {
		"id": 1261150576,
		"start_date": "2010-04-24 06:00:00",
		"end_date": "2010-04-26 06:00:00",
		"text": "Love Never Dies",
		"details": "Adelphi Theatre"
	}, {
		"id": 1261150577,
		"start_date": "2010-04-30 11:00:00",
		"end_date": "2010-04-30 13:00:00",
		"text": "Deadmau5",
		"details": "Brixton Academy"
	}, {
		"id": 1261150578,
		"start_date": "2010-05-06 14:00:00",
		"end_date": "2010-05-06 16:00:00",
		"text": "Love Never Dies",
		"details": "Adelphi Theatre"
	}, {
		"id": 1261150579,
		"start_date": "2010-05-10 15:00:00",
		"end_date": "2010-05-10 17:00:00",
		"text": "Lee Mack",
		"details": "Hammersmith Apollo"
	}, {
		"id": 1261150580,
		"start_date": "2010-05-14 09:00:00",
		"end_date": "2010-05-14 11:00:00",
		"text": "Gotan Project",
		"details": "Brixton Academy"
	}, {
		"id": 1261150581,
		"start_date": "2010-05-19 15:00:00",
		"end_date": "2010-05-21 15:00:00",
		"text": "Love Never Dies",
		"details": "Adelphi Theatre"
	}, {
		"id": 1261150582,
		"start_date": "2010-05-24 07:00:00",
		"end_date": "2010-05-24 09:00:00",
		"text": "Love Never Dies",
		"details": "Adelphi Theatre"
	}, {
		"id": 1261150583,
		"start_date": "2010-05-29 14:00:00",
		"end_date": "2010-05-29 16:00:00",
		"text": "Guiness Premiership Final 2010     Competition: Guinness Premiership Final",
		"details": "Twickenham Stadium"
	}, {
		"id": 1261150584,
		"start_date": "2010-06-04 11:00:00",
		"end_date": "2010-06-04 13:00:00",
		"text": "Mark Knopfler",
		"details": "Royal Albert Hall"
	}, {
		"id": 1261150585,
		"start_date": "2010-06-11 15:00:00",
		"end_date": "2010-06-11 17:00:00",
		"text": "Swan Lake",
		"details": "Royal Albert Hall"
	}, {
		"id": 1261150586,
		"start_date": "2010-06-18 15:00:00",
		"end_date": "2010-06-20 15:00:00",
		"text": "Leona Lewis",
		"details": "O2 Arena"
	}, {
		"id": 1261150587,
		"start_date": "2010-06-26 17:00:00",
		"end_date": "2010-06-26 19:00:00",
		"text": "Wimbledon: 3rd Round (Centre Court)",
		"details": "All England Lawn Tennis Club"
	}, {
		"id": 1261150588,
		"start_date": "2010-07-05 09:00:00",
		"end_date": "2010-07-05 11:00:00",
		"text": "Placido Domingo",
		"details": "Royal Opera House"
	}, {
		"id": 1261150590,
		"start_date": "2010-08-22 07:00:00",
		"end_date": "2010-08-22 09:00:00",
		"text": "npower: England v Pakistan 3rd Test (Day 5)",
		"details": "Oval Cricket Ground"
	}, {
		"id": 1261150591,
		"start_date": "2010-10-23 06:00:00",
		"end_date": "2010-10-25 06:00:00",
		"text": "Level 42",
		"details": "Indigo2"
	}, {
		"id": 1261150592,
		"start_date": "2010-11-24 09:00:00",
		"end_date": "2010-11-24 11:00:00",
		"text": "Jason Manford",
		"details": "Hammersmith Apollo"
	}, {
		"id": 1261152034,
		"start_date": "2010-08-05 01:00:00",
		"end_date": "2010-08-05 08:25:00",
		"text": "New event",
		"details": ""
	}, {
		"id": 1361152042,
		"start_date": "2010-08-04 02:35:00",
		"end_date": "2010-08-04 12:25:00",
		"text": "New event",
		"details": ""
	}, {
		"id": 1361152043,
		"start_date": "2012-06-01 18:14:00",
		"end_date": "2012-06-01 19:14:00",
		"text": "",
		"details": ""
	}, {
		"id": 1361152044,
		"start_date": "2012-06-01 18:14:00",
		"end_date": "2012-06-01 19:14:00",
		"text": "",
		"details": ""
	}, {
		"id": 1361152045,
		"start_date": "2012-06-01 18:14:00",
		"end_date": "2012-06-01 19:14:00",
		"text": "",
		"details": ""
	}, {
		"id": 1361152065,
		"start_date": "2012-06-04 18:20:00",
		"end_date": "2012-06-04 19:20:00",
		"text": "Event",
		"details": "Event"
	}, {
		"id": 1361152082,
		"start_date": "2012-06-04 18:43:00",
		"end_date": "2012-06-04 19:43:00",
		"text": "",
		"details": ""
	}, {
		"id": 1361152083,
		"start_date": "2012-06-04 18:45:00",
		"end_date": "2012-06-04 19:45:00",
		"text": "etest",
		"details": ""
	}, {
		"id": 1361152084,
		"start_date": "2012-06-04 18:40:00",
		"end_date": "2012-06-04 19:40:00",
		"text": "test event 234",
		"details": ""
	}, {
		"id": 1361152096,
		"start_date": "2012-06-04 18:54:00",
		"end_date": "2012-06-04 19:54:00",
		"text": "test event 112345",
		"details": ""
	}, {
		"id": 1361152097,
		"start_date": "2012-06-04 19:05:00",
		"end_date": "2012-06-04 20:05:00",
		"text": "132456789765432",
		"details": ""
	}, {
		"id": 1361152117,
		"start_date": "2012-06-05 12:48:00",
		"end_date": "2012-06-05 16:15:00",
		"text": "Test",
		"details": "Test test test test test"
	}, {
		"id": 1361152118,
		"start_date": "2012-06-05 18:43:00",
		"end_date": "2012-06-05 19:43:00",
		"text": "New event",
		"details": ""
	}, {
		"id": 1361152124,
		"start_date": "2009-05-25 13:00:00",
		"end_date": "2009-05-25 14:00:00",
		"text": "new event",
		"details": ""
	}, {
		"id": 1361152126,
		"start_date": "2009-05-25 14:00:00",
		"end_date": "2009-05-25 15:00:00",
		"text": "sauyduayd",
		"details": ""
	}, {
		"id": 1361152127,
		"start_date": "2009-05-25 14:00:00",
		"end_date": "2009-05-25 15:00:00",
		"text": "New",
		"details": ""
	}
]